FIPS,State,County,County Population,BTM PV Res Cap,BTM PV Comm Cap,,,EIA 861M Small Scale PV Estimate,,,,Capacity MW,,,
48001,TX,Anderson,59805,5.483538391,0.653390759,,,Year,Month,State,Data Status,Residential,Commercial,Industrial,Total
48003,TX,Andrews,18914,1.734230334,0.206642134,,,2025,12,TX,Preliminary,2907.483,346.441,3.326,3257.25
48005,TX,Angelina,88154,8.082866705,0.963113602,,,,,,,,,,
48007,TX,Aransas,26146,2.397334583,0.285654289,,,County Population data from US Census Bereau,,,,,,,
48009,TX,Archer,9129,0.837040749,0.099737551,,,,,,,,,,
48011,TX,Armstrong,1843,0.168985223,0.020135426,,,,,,,,,,
48013,TX,Atascosa,53590,4.913683176,0.585489688,,,,,,,,,,
48015,TX,Austin,33625,3.083086337,0.367365007,,,,,,,,,,
48017,TX,Bailey,6963,0.638439559,0.076073236,,,,,,,,,,
48019,TX,Bandera,22876,2.097507302,0.249928384,,,,,,,,,,
48021,TX,Bastrop,118908,10.90271019,1.29911192,,,,,,,,,,
48023,TX,Baylor,3472,0.318348722,0.037932827,,,,,,,,,,
48025,TX,Bee,32515,2.981310104,0.355237865,,,,,,,,,,
48027,TX,Bell,402248,36.88223979,4.394701546,,,,,,,,,,
48029,TX,Bexar,2160088,198.0591167,23.59972473,,,,,,,,,,
48031,TX,Blanco,13581,1.245245964,0.148377224,,,,,,,,,,
48033,TX,Borden,567,0.0519884,0.006194675,,,,,,,,,,
48035,TX,Bosque,18918,1.734597095,0.206685835,,,,,,,,,,
48037,TX,Bowie,92696,8.499324048,1.012736557,,,,,,,,,,
48039,TX,Brazoria,419080,38.42557092,4.578597094,,,,,,,,,,
48041,TX,Brazos,249088,22.83895344,2.721374422,,,,,,,,,,
48043,TX,Brewster,9458,0.867206857,0.103331992,,,,,,,,,,
48045,TX,Briscoe,1474,0.135151502,0.016103971,,,,,,,,,,
48047,TX,Brooks,6579,0.603230484,0.0718779,,,,,,,,,,
48049,TX,Brown,38711,3.549423203,0.422931355,,,,,,,,,,
48051,TX,Burleson,20549,1.884143974,0.224505087,,,,,,,,,,
48053,TX,Burnet,57015,5.227722454,0.622909023,,,,,,,,,,
48055,TX,Caldwell,55150,5.056720044,0.602533239,,,,,,,,,,
48057,TX,Calhoun,19599,1.797038189,0.214126001,,,,,,,,,,
48059,TX,Callahan,14491,1.328684137,0.158319296,,,,,,,,,,
48061,TX,Cameron,433946,39.78863892,4.741013397,,,,,,,,,,
48063,TX,Camp,13380,1.226816214,0.146181228,,,,,,,,,,
48065,TX,Carson,5805,0.532262191,0.063421676,,,,,,,,,,
48067,TX,Cass,28651,2.627018785,0.3130223,,,,,,,,,,
48069,TX,Castro,7295,0.668880738,0.079700453,,,,,,,,,,
48071,TX,Chambers,57594,5.280811137,0.629234802,,,,,,,,,,
48073,TX,Cherokee,53337,4.89048553,0.582725573,,,,,,,,,,
48075,TX,Childress,6643,0.609098663,0.072577122,,,,,,,,,,
48077,TX,Clay,10764,0.986954389,0.117600504,,,,,,,,,,
48079,TX,Cochran,2546,0.233443504,0.02781595,,,,,,,,,,
48081,TX,Coke,3412,0.312847304,0.037277306,,,,,,,,,,
48083,TX,Coleman,7915,0.725728724,0.086474172,,,,,,,,,,
48085,TX,Collin,1297179,118.9387316,14.17213897,,,,,,,,,,
48087,TX,Collingsworth,2487,0.228033776,0.027171354,,,,,,,,,,
48089,TX,Colorado,21439,1.965748341,0.234228651,,,,,,,,,,
48091,TX,Comal,209166,19.17849329,2.285212465,,,,,,,,,,
48093,TX,Comanche,14432,1.323274409,0.1576747,,,,,,,,,,
48095,TX,Concho,3607,0.330726912,0.03940775,,,,,,,,,,
48097,TX,Cooke,44461,4.076642428,0.485752137,,,,,,,,,,
48099,TX,Coryell,85592,7.847956156,0.935122846,,,,,,,,,,
48101,TX,Cottle,1224,0.112228927,0.013372633,,,,,,,,,,
48103,TX,Crane,4554,0.417557626,0.049754059,,,,,,,,,,
48105,TX,Crockett,2769,0.253890441,0.030252304,,,,,,,,,,
48107,TX,Crosby,4852,0.444881336,0.053009815,,,,,,,,,,
48109,TX,Culberson,2267,0.20786191,0.024767776,,,,,,,,,,
48111,TX,Dallam,7508,0.688410772,0.082027553,,,,,,,,,,
48113,TX,Dallas,2661397,244.0242893,29.07670271,,,,,,,,,,
48115,TX,Dawson,11776,1.079744973,0.128656961,,,,,,,,,,
48117,TX,Deaf Smith,18626,1.707823528,0.203495632,,,,,,,,,,
48119,TX,Delta,5549,0.508789475,0.060624786,,,,,,,,,,
48121,TX,Denton,1069346,98.04865553,11.68298293,,,,,,,,,,
48123,TX,DeWitt,20309,1.862138302,0.221883002,,,,,,,,,,
48125,TX,Dickens,1692,0.155139988,0.018485698,,,,,,,,,,
48127,TX,Dimmit,8024,0.735722967,0.087665036,,,,,,,,,,
48129,TX,Donley,3213,0.294600934,0.03510316,,,,,,,,,,
48131,TX,Duval,9402,0.8620722,0.102720172,,,,,,,,,,
48133,TX,Eastland,18143,1.663537113,0.198218686,,,,,,,,,,
48135,TX,Ector,173801,15.93586583,1.898837343,,,,,,,,,,
48137,TX,Edwards,1370,0.125615711,0.014967734,,,,,,,,,,
48141,TX,El Paso,240867,22.08516749,2.631557092,,,,,,,,,,
48139,TX,Ellis,877858,80.49106337,9.590908866,,,,,,,,,,
48143,TX,Erath,43911,4.026212763,0.479743192,,,,,,,,,,
48145,TX,Falls,17869,1.63841397,0.19522514,,,,,,,,,,
48147,TX,Fannin,39265,3.600219629,0.428984,,,,,,,,,,
48149,TX,Fayette,25459,2.334343347,0.278148572,,,,,,,,,,
48151,TX,Fisher,3692,0.338520588,0.040336405,,,,,,,,,,
48153,TX,Floyd,4881,0.447540354,0.05332665,,,,,,,,,,
48155,TX,Foard,1044,0.095724673,0.011406069,,,,,,,,,,
48157,TX,Fort Bend,975191,89.41555533,10.65430629,,,,,,,,,,
48159,TX,Franklin,10994,1.008043158,0.120113335,,,,,,,,,,
48161,TX,Freestone,20811,1.908166833,0.227367529,,,,,,,,,,
48163,TX,Frio,18823,1.725886517,0.205647927,,,,,,,,,,
48165,TX,Gaines,23956,2.196532826,0.261727766,,,,,,,,,,
48167,TX,Galveston,372207,34.12777149,4.066493005,,,,,,,,,,
48169,TX,Garza,4510,0.413523253,0.049273344,,,,,,,,,,
48171,TX,Gillespie,28527,2.615649188,0.311667556,,,,,,,,,,
48173,TX,Glasscock,1128,0.103426658,0.012323799,,,,,,,,,,
48175,TX,Goliad,7208,0.660903682,0.078749947,,,,,,,,,,
48177,TX,Gonzales,20159,1.848384757,0.220244199,,,,,,,,,,
48179,TX,Gray,20919,1.918069385,0.228547467,,,,,,,,,,
48181,TX,Grayson,153613,14.08482205,1.678276309,,,,,,,,,,
48183,TX,Gregg,126095,11.56168838,1.377632434,,,,,,,,,,
48185,TX,Grimes,34252,3.140576155,0.374215204,,,,,,,,,,
48187,TX,Guadalupe,201111,18.43992792,2.197208743,,,,,,,,,,
48189,TX,Hale,31819,2.917493655,0.347633819,,,,,,,,,,
48191,TX,Hall,2737,0.250956351,0.029902692,,,,,,,,,,
48193,TX,Hamilton,8680,0.795871804,0.094832067,,,,,,,,,,
48195,TX,Hansford,4944,0.453316843,0.054014947,,,,,,,,,,
48197,TX,Hardeman,3292,0.301844468,0.035966263,,,,,,,,,,
48199,TX,Hardin,58723,5.384329486,0.641569526,,,,,,,,,,
48201,TX,Harris,5045026,462.5799474,55.11869185,,,,,,,,,,
48203,TX,Harrison,71956,6.597667226,0.786144728,,,,,,,,,,
48205,TX,Hartley,4904,0.449649231,0.053577933,,,,,,,,,,
48207,TX,Haskell,5499,0.50420496,0.060078518,,,,,,,,,,
48209,TX,Hays,304390,27.90961041,3.325568315,,,,,,,,,,
48211,TX,Hemphill,3083,0.282681195,0.033682864,,,,,,,,,,
48213,TX,Henderson,88595,8.123302127,0.967931683,,,,,,,,,,
48215,TX,Hidalgo,921549,84.49710426,10.06824848,,,,,,,,,,
48217,TX,Hill,39503,3.62204192,0.431584235,,,,,,,,,,
48219,TX,Hockley,21600,1.98051048,0.235987633,,,,,,,,,,
48221,TX,Hood,70501,6.464257839,0.770248339,,,,,,,,,,
48223,TX,Hopkins,39063,3.581698188,0.426777079,,,,,,,,,,
48225,TX,Houston,22316,2.046160734,0.243810186,,,,,,,,,,
48227,TX,Howard,30504,2.796920911,0.333266979,,,,,,,,,,
48229,TX,Hudspeth,3433,0.3147728,0.037506738,,,,,,,,,,
48231,TX,Hunt,123336,11.30871484,1.347489384,,,,,,,,,,
48233,TX,Hutchinson,19633,1.80015566,0.214497463,,,,,,,,,,
48235,TX,Irion,1463,0.134142909,0.015983792,,,,,,,,,,
48237,TX,Jack,9563,0.876834339,0.104479154,,,,,,,,,,
48239,TX,Jackson,15393,1.411388788,0.168173965,,,,,,,,,,
48241,TX,Jasper,33075,3.032656672,0.361356063,,,,,,,,,,
48243,TX,Jeff Davis,1711,0.156882103,0.01869328,,,,,,,,,,
48245,TX,Jefferson,254321,23.31876878,2.778546797,,,,,,,,,,
48247,TX,Jim Hogg,4555,0.417649316,0.049764985,,,,,,,,,,
48249,TX,Jim Wells,38804,3.557950401,0.423947413,,,,,,,,,,
48251,TX,Johnson,218048,19.99288653,2.382251454,,,,,,,,,,
48253,TX,Jones,20861,1.912751348,0.227913797,,,,,,,,,,
48255,TX,Karnes,15018,1.377004925,0.164076957,,,,,,,,,,
48257,TX,Kaufman,209235,19.18481992,2.285966314,,,,,,,,,,
48259,TX,Kendall,53289,4.886084396,0.582201156,,,,,,,,,,
48261,TX,Kenedy,319,0.029249206,0.003485188,,,,,,,,,,
48263,TX,Kent,674,0.061799262,0.007363688,,,,,,,,,,
48265,TX,Kerr,54037,4.95466874,0.590373321,,,,,,,,,,
48267,TX,Kimble,4438,0.406921551,0.048486718,,,,,,,,,,
48269,TX,King,192,0.017604538,0.002097668,,,,,,,,,,
48271,TX,Kinney,3128,0.286807258,0.034174505,,,,,,,,,,
48273,TX,Kleberg,30315,2.779591444,0.331202088,,,,,,,,,,
48275,TX,Knox,3192,0.292675438,0.034873728,,,,,,,,,,
48283,TX,La Salle,51503,4.72232552,0.562688475,,,,,,,,,,
48277,TX,Lamar,12579,1.153372284,0.13743002,,,,,,,,,,
48279,TX,Lamb,23657,2.169117427,0.258461085,,,,,,,,,,
48281,TX,Lampasas,6517,0.597545685,0.071200528,,,,,,,,,,
48285,TX,Lavaca,20651,1.893496385,0.225619473,,,,,,,,,,
48287,TX,Lee,18729,1.717267628,0.204620943,,,,,,,,,,
48289,TX,Leon,16894,1.549015928,0.18457292,,,,,,,,,,
48291,TX,Liberty,121364,11.12790157,1.325944587,,,,,,,,,,
48293,TX,Limestone,22849,2.095031664,0.249633399,,,,,,,,,,
48295,TX,Lipscomb,2955,0.270944836,0.032284419,,,,,,,,,,
48297,TX,Live Oak,11929,1.093773589,0.13032854,,,,,,,,,,
48299,TX,Llano,23353,2.141243576,0.255139777,,,,,,,,,,
48301,TX,Loving,52,0.004767896,0.000568118,,,,,,,,,,
48303,TX,Lubbock,328906,30.15748981,3.593414278,,,,,,,,,,
48305,TX,Lynn,6017,0.551700535,0.065737851,,,,,,,,,,
48313,TX,Madison,7472,0.685109921,0.08163424,,,,,,,,,,
48315,TX,Marion,272020,24.9415954,2.971914626,,,,,,,,,,
48317,TX,Martin,544,0.049879523,0.005943392,,,,,,,,,,
48319,TX,Mason,14226,1.304386208,0.155424077,,,,,,,,,,
48321,TX,Matagorda,9896,0.907367209,0.108117297,,,,,,,,,,
48323,TX,Maverick,5284,0.484491545,0.057729567,,,,,,,,,,
48307,TX,McCulloch,3990,0.365844297,0.04359216,,,,,,,,,,
48309,TX,McLennan,36463,3.343303408,0.39837116,,,,,,,,,,
48311,TX,McMullen,58823,5.393498516,0.642662062,,,,,,,,,,
48325,TX,Medina,56881,5.215435954,0.621445026,,,,,,,,,,
48327,TX,Menard,1956,0.179346227,0.021369991,,,,,,,,,,
48329,TX,Midland,187855,17.2244813,2.052382259,,,,,,,,,,
48331,TX,Milam,26258,2.407603897,0.286877929,,,,,,,,,,
48333,TX,Mills,4580,0.419941574,0.050038118,,,,,,,,,,
48335,TX,Mitchell,8947,0.820353114,0.097749137,,,,,,,,,,
48337,TX,Montague,21966,2.014069129,0.239986312,,,,,,,,,,
48339,TX,Montgomery,781194,71.62791221,8.534820507,,,,,,,,,,
48341,TX,Moore,21891,2.007192357,0.239166911,,,,,,,,,,
48343,TX,Morris,12133,1.11247841,0.132557313,,,,,,,,,,
48345,TX,Motley,1043,0.095632983,0.011395144,,,,,,,,,,
48347,TX,Nacogdoches,66035,6.05476896,0.72145571,,,,,,,,,,
48349,TX,Navarro,57181,5.242943044,0.624722632,,,,,,,,,,
48351,TX,Newton,11954,1.096065846,0.130601674,,,,,,,,,,
48353,TX,Nolan,14117,1.294391965,0.154233214,,,,,,,,,,
48355,TX,Nueces,352992,32.36594237,3.85656234,,,,,,,,,,
48357,TX,Ochiltree,9284,0.851252745,0.101430981,,,,,,,,,,
48359,TX,Oldham,1783,0.163483805,0.019479905,,,,,,,,,,
48361,TX,Orange,86266,7.909755419,0.942486535,,,,,,,,,,
48363,TX,Palo Pinto,30791,2.823236027,0.336402556,,,,,,,,,,
48365,TX,Panola,23018,2.110527325,0.251479784,,,,,,,,,,
48367,TX,Parker,184767,16.94134166,2.018644768,,,,,,,,,,
48369,TX,Parmer,9678,0.887378723,0.10573557,,,,,,,,,,
48371,TX,Pecos,14560,1.335010768,0.159073145,,,,,,,,,,
48373,TX,Polk,53434,4.899379489,0.583785332,,,,,,,,,,
48375,TX,Potter,114453,10.4942299,1.25043947,,,,,,,,,,
48377,TX,Presidio,5433,0.4981534,0.059357445,,,,,,,,,,
48379,TX,Rains,13542,1.241670042,0.147951135,,,,,,,,,,
48381,TX,Randall,152351,13.96910889,1.664488513,,,,,,,,,,
48383,TX,Reagan,3166,0.29029149,0.034589669,,,,,,,,,,
48385,TX,Real,2745,0.251689873,0.029990095,,,,,,,,,,
48387,TX,Red River,11816,1.083412585,0.129093976,,,,,,,,,,
48389,TX,Reeves,12138,1.112936861,0.132611939,,,,,,,,,,
48391,TX,Refugio,6657,0.610382327,0.072730077,,,,,,,,,,
48393,TX,Roberts,867,0.07949549,0.009472281,,,,,,,,,,
48395,TX,Robertson,17839,1.635663261,0.194897379,,,,,,,,,,
48397,TX,Rockwall,140738,12.90430944,1.537612384,,,,,,,,,,
48399,TX,Runnels,9693,0.888754078,0.10589945,,,,,,,,,,
48401,TX,Rusk,54854,5.029579715,0.599299334,,,,,,,,,,
48403,TX,Sabine,10012,0.918003283,0.109384638,,,,,,,,,,
48405,TX,San Augustine,7722,0.708032496,0.084365579,,,,,,,,,,
48407,TX,San Jacinto,29488,2.703763566,0.32216682,,,,,,,,,,
48409,TX,San Patricio,72053,6.606561185,0.787204487,,,,,,,,,,
48411,TX,San Saba,5787,0.530611766,0.06322502,,,,,,,,,,
48413,TX,Schleicher,2245,0.205844723,0.024527418,,,,,,,,,,
48415,TX,Scurry,16162,1.481898628,0.176575561,,,,,,,,,,
48417,TX,Shackelford,3197,0.293133889,0.034928355,,,,,,,,,,
48419,TX,Shelby,24286,2.226790625,0.265333132,,,,,,,,,,
48421,TX,Sherman,2781,0.254990724,0.030383408,,,,,,,,,,
48423,TX,Smith,252549,23.15629357,2.75918707,,,,,,,,,,
48425,TX,Somervell,10261,0.940834168,0.112105051,,,,,,,,,,
48427,TX,Starr,66319,6.080809005,0.724558511,,,,,,,,,,
48429,TX,Stephens,9380,0.860055014,0.102479815,,,,,,,,,,
48431,TX,Sterling,1349,0.123690215,0.014738302,,,,,,,,,,
48433,TX,Stonewall,1186,0.108744696,0.012957469,,,,,,,,,,
48435,TX,Sutton,3203,0.293684031,0.034993907,,,,,,,,,,
48437,TX,Swisher,6703,0.614600081,0.073232644,,,,,,,,,,
48439,TX,Tarrant,2248466,206.162522,24.56528561,,,,,,,,,,
48441,TX,Taylor,150077,13.76060515,1.639644259,,,,,,,,,,
48443,TX,Terrell,702,0.064366591,0.007669598,,,,,,,,,,
48445,TX,Terry,11720,1.074610316,0.128045142,,,,,,,,,,
48447,TX,Throckmorton,1554,0.142486726,0.016977999,,,,,,,,,,
48449,TX,Titus,31563,2.894020938,0.344836929,,,,,,,,,,
48451,TX,Tom Green,120602,11.05803356,1.317619468,,,,,,,,,,
48453,TX,Travis,1389670,127.4192592,15.18263583,,,,,,,,,,
48455,TX,Trinity,14384,1.318873275,0.157150283,,,,,,,,,,
48457,TX,Tyler,20443,1.874424803,0.223346999,,,,,,,,,,
48459,TX,Upshur,44410,4.071966222,0.485194944,,,,,,,,,,
48461,TX,Upton,3131,0.287082329,0.034207281,,,,,,,,,,
48463,TX,Uvalde,24963,2.288864959,0.272729596,,,,,,,,,,
48465,TX,Val Verde,47835,4.3860055,0.522614279,,,,,,,,,,
48467,TX,Van Zandt,66130,6.063479538,0.722493619,,,,,,,,,,
48469,TX,Victoria,92656,8.495656436,1.012299543,,,,,,,,,,
48471,TX,Walker,83842,7.687498131,0.916003478,,,,,,,,,,
48473,TX,Waller,69858,6.405300976,0.763223336,,,,,,,,,,
48475,TX,Ward,11125,1.020054587,0.121544556,,,,,,,,,,
48477,TX,Washington,38288,3.510638206,0.41830993,,,,,,,,,,
48479,TX,Webb,281224,25.78551292,3.072471579,,,,,,,,,,
48481,TX,Wharton,42060,3.856494017,0.459520363,,,,,,,,,,
48483,TX,Wheeler,4773,0.437637802,0.052146712,,,,,,,,,,
48485,TX,Wichita,129555,11.87893681,1.415434157,,,,,,,,,,
48487,TX,Wilbarger,12481,1.144386634,0.136359336,,,,,,,,,,
48489,TX,Willacy,19971,1.831146981,0.218190232,,,,,,,,,,
48491,TX,Williamson,752827,69.02693347,8.224901008,,,,,,,,,,
48493,TX,Wilson,56139,5.147401751,0.613338413,,,,,,,,,,
48495,TX,Winkler,7540,0.691344862,0.082377164,,,,,,,,,,
48497,TX,Wise,83778,7.681629952,0.915304255,,,,,,,,,,
48499,TX,Wood,49688,4.555907626,0.542858959,,,,,,,,,,
48501,TX,Yoakum,7438,0.681992451,0.081262778,,,,,,,,,,
48503,TX,Young,18154,1.664545706,0.198338865,,,,,,,,,,
48505,TX,Zapata,13753,1.261016696,0.150256385,,,,,,,,,,
48507,TX,Zavala,9037,0.828605241,0.098732418,,,,,,,,,,
