County Name,R ratio,C ratio,I ratio,,,
Anderson,0.419167022,0.309250794,0.271582184,,,
Andrews,0.17174066,0.121093549,0.707165791,,,
Angelina,0.389471381,0.323437171,0.287091448,,,
Aransas,0.537025381,0.329617668,0.133356951,,,
Archer,0.216351313,0.095149404,0.688499283,,,
Armstrong,0.328040786,0.238580282,0.433378932,,,
Atascosa,0.514076915,0.304002346,0.181920739,,,
Austin,0.43208765,0.241751438,0.326160911,,,
Bailey,0.217813191,0.270099398,0.512087411,,,
Bandera,0.564935423,0.245176665,0.189887912,,,
Bastrop,0.443089329,0.323485262,0.233425409,,,
Baylor,0.371720781,0.302456895,0.325822324,,,
Bee,0.327699536,0.226854955,0.445445508,,,
Bell,0.453132904,0.331087076,0.215780019,,,
Bexar,0.349114068,0.470346758,0.180539175,,,
Blanco,0.386924532,0.309177991,0.303897476,,,
Borden,0.296709263,0,0.703290737,,,
Bosque,0.336808044,0.221303572,0.441888383,,,
Bowie,0.362959113,0.500507073,0.136533814,,,
Brazoria,0.384287442,0.279613458,0.3360991,,,
Brazos,0.390114772,0.3432538,0.266631428,,,
Brewster,0.345486051,0.439899688,0.214614261,,,
Briscoe,0.248785407,0.209443928,0.541770665,,,
Brooks,0.304175302,0.375042745,0.320781952,,,
Brown,0.277314745,0.245744532,0.476940723,,,
Burleson,0.302062381,0.141921493,0.556016127,,,
Burnet,0.469592684,0.32239615,0.208011166,,,
Caldwell,0.316897219,0.170570401,0.51253238,,,
Calhoun,0.120194554,0.085950184,0.793855262,,,
Callahan,0.245291333,0.130086495,0.624622171,,,
Cameron,0.464940148,0.455137663,0.079922188,,,
Camp,0.522394283,0.333243223,0.144362494,,,
Carson,0.200564371,0.122171583,0.677264045,,,
Cass,0.453565887,0.261804202,0.284629911,,,
Castro,0.159887547,0.147692348,0.692420104,,,
Chambers,0.28148447,0.256988844,0.461526686,,,
Cherokee,0.354289477,0.254141049,0.391569473,,,
Childress,0.279187637,0.31846503,0.402347334,,,
Clay,0.408805666,0.164020743,0.427173591,,,
Cochran,0.131666418,0.134635394,0.733698188,,,
Coke,0.283172468,0.11763964,0.599187891,,,
Coleman,0.29485804,0.242764885,0.462377075,,,
Collin,0.364585363,0.472827759,0.162586879,,,
Collingsworth,0.256033121,0.308732247,0.435234632,,,
Colorado,0.299484702,0.226580192,0.473935106,,,
Comal,0.366026144,0.37048548,0.263488376,,,
Comanche,0.360993089,0.262776689,0.376230222,,,
Concho,0.251396773,0.285504908,0.463098319,,,
Cooke,0.275227222,0.234032689,0.49074009,,,
Coryell,0.589942219,0.315287882,0.094769899,,,
Cottle,0.334017441,0.29349243,0.372490129,,,
Crane,0.201111407,0.188905241,0.609983352,,,
Crockett,0.081150752,0.121574661,0.797274587,,,
Crosby,0.124752582,0.299916949,0.575330469,,,
Culberson,0.432484477,0.34718641,0.220329113,,,
Dallam,0.250308117,0.379600454,0.37009143,,,
Dallas,0.237357196,0.546768163,0.215874641,,,
Dawson,0.346701093,0.305698888,0.347600019,,,
Deaf Smith,0.232246422,0.274710904,0.493042675,,,
Delta,0.449692049,0.33443057,0.215877381,,,
Denton,0.430639473,0.463122372,0.106238155,,,
DeWitt,0.289009068,0.271057228,0.439933704,,,
Dickens,0.254034117,0.245145388,0.500820496,,,
Dimmit,0.244987221,0.177785168,0.577227611,,,
Donley,0.390396391,0.33382391,0.275779699,,,
Duval,0.240719926,0.087928781,0.671351293,,,
Eastland,0.16815253,0.165999155,0.665848315,,,
Ector,0.304643383,0.324408388,0.370948229,,,
Edwards,0.419571675,0.237030477,0.343397848,,,
El Paso,0.202160494,0.484966208,0.312873298,,,
Ellis,0.261357171,0.20836745,0.530275379,,,
Erath,0.277557217,0.257617013,0.464825769,,,
Falls,0.393209902,0.238630912,0.368159187,,,
Fannin,0.482927325,0.250461812,0.266610863,,,
Fayette,0.216258358,0.195404076,0.588337566,,,
Fisher,0.30869404,0.203284477,0.488021483,,,
Floyd,0.251669249,0.244629168,0.503701583,,,
Foard,0.375098422,0.345911434,0.278990144,,,
Fort Bend,0.433274119,0.345493912,0.221231969,,,
Franklin,0.46002709,0.281246617,0.258726292,,,
Freestone,0.424289493,0.236036694,0.339673813,,,
Frio,0.257382657,0.155080728,0.587536616,,,
Gaines,0.195152213,0.120194395,0.684653392,,,
Galveston,0.388668368,0.316677325,0.294654307,,,
Garza,0.115484108,0.153847778,0.730668115,,,
Gillespie,0.29981545,0.412295663,0.287888886,,,
Glasscock,0.100417118,0.03112929,0.868453591,,,
Goliad,0.301908064,0.16186712,0.536224816,,,
Gonzales,0.207188973,0.184952966,0.607858061,,,
Gray,0.100920731,0.142725629,0.75635364,,,
Grayson,0.245512967,0.234051451,0.520435582,,,
Gregg,0.165914719,0.22544079,0.608644492,,,
Grimes,0.370156021,0.160167816,0.469676162,,,
Guadalupe,0.305880986,0.201660927,0.492458087,,,
Hale,0.191921526,0.587188617,0.220889857,,,
Hall,0.21429268,0.343618713,0.442088607,,,
Hamilton,0.28885634,0.277210577,0.433933084,,,
Hansford,0.107745706,0.132922535,0.759331758,,,
Hardeman,0.170129586,0.362246241,0.467624173,,,
Hardin,0.354171987,0.172670843,0.47315717,,,
Harris,0.264754989,0.419522908,0.315722103,,,
Harrison,0.268007676,0.213400646,0.518591679,,,
Hartley,0.266577689,0.328924124,0.404498188,,,
Haskell,0.257344417,0.234855414,0.507800168,,,
Hays,0.42252367,0.386985325,0.190491004,,,
Hemphill,0.082008812,0.090022758,0.827968429,,,
Henderson,0.468856412,0.261702841,0.269440747,,,
Hidalgo,0.438094875,0.397637493,0.164267632,,,
Hill,0.406589194,0.314999842,0.278410964,,,
Hockley,0.226460961,0.209348007,0.564191032,,,
Hood,0.346242578,0.279257636,0.374499786,,,
Hopkins,0.270076287,0.215865454,0.514058259,,,
Houston,0.410540972,0.241044052,0.348414976,,,
Howard,0.244468027,0.253365062,0.502166911,,,
Hudspeth,0.453073567,0.299513491,0.247412942,,,
Hunt,0.421125505,0.311496018,0.267378477,,,
Hutchinson,0.087874986,0.108768258,0.803356756,,,
Irion,0.129976714,0.105850358,0.764172928,,,
Jack,0.162122909,0.10350101,0.734376082,,,
Jackson,0.151256582,0.082481348,0.76626207,,,
Jasper,0.385623942,0.293522082,0.320853976,,,
Jeff Davis,0.5491034,0.367198091,0.083698509,,,
Jefferson,0.271164688,0.350860309,0.377975003,,,
Jim Hogg,0.352060792,0.301723614,0.346215594,,,
Jim Wells,0.396497803,0.272919564,0.330582634,,,
Johnson,0.382443722,0.286560739,0.330995539,,,
Jones,0.258055727,0.174819696,0.567124577,,,
Karnes,0.306925928,0.260444043,0.432630029,,,
Kaufman,0.393671057,0.259717264,0.346611679,,,
Kendall,0.3893086,0.350424488,0.260266911,,,
Kenedy,0.773686342,0,0.226313658,,,
Kent,0.136175909,0.104586258,0.759237833,,,
Kerr,0.369517632,0.434020966,0.196461402,,,
Kimble,0.123252644,0.076499407,0.800247949,,,
King,0.423583523,0,0.576416477,,,
Kinney,0.540617468,0.300933925,0.158448607,,,
Kleberg,0.395044373,0.382939366,0.222016261,,,
Knox,0.337510014,0.329613445,0.332876541,,,
La Salle,0.278843965,0.187812754,0.53334328,,,
Lamar,0.358112007,0.355540359,0.286347634,,,
Lamb,0.262833353,0.270398022,0.466768625,,,
Lampasas,0.458827179,0.266367614,0.274805207,,,
Lavaca,0.149454563,0.08739048,0.763154957,,,
Lee,0.245215892,0.190242378,0.56454173,,,
Leon,0.168619578,0.079850633,0.751529789,,,
Liberty,0.534427326,0.241010455,0.224562219,,,
Limestone,0.26395973,0.087047434,0.648992835,,,
Lipscomb,0.095557333,0.081977099,0.822465568,,,
Live Oak,0.221491283,0.161792185,0.616716531,,,
Llano,0.515727961,0.33248358,0.151788459,,,
Loving,0.503138457,0,0.496861543,,,
Lubbock,0.2877882,0.505982834,0.206228966,,,
Lynn,0.22290929,0.126972171,0.650118539,,,
Madison,0.394109716,0.325219832,0.280670452,,,
Marion,0.314223281,0.167329053,0.518447667,,,
Martin,0.203974704,0.095766428,0.700258868,,,
Mason,0.298534767,0.141425702,0.560039531,,,
Matagorda,0.350821292,0.307271225,0.341907483,,,
Maverick,0.540369679,0.378905885,0.080724436,,,
McCulloch,0.278822683,0.207182549,0.513994767,,,
McLennan,0.341009643,0.383273471,0.275716887,,,
McMullen,0.410979885,0.197906406,0.391113709,,,
Medina,0.408328427,0.246317188,0.345354385,,,
Menard,0.495855709,0.191744205,0.312400086,,,
Midland,0.11114243,0.115866468,0.772991102,,,
Milam,0.370764398,0.2173931,0.411842502,,,
Mills,0.370841836,0.30040903,0.328749133,,,
Mitchell,0.219443402,0.186681601,0.593874997,,,
Montague,0.216431812,0.142902038,0.64066615,,,
Montgomery,0.399753358,0.394957222,0.20528942,,,
Moore,0.20875897,0.19684386,0.594397171,,,
Morris,0.174401364,0.203286895,0.622311741,,,
Motley,0.200186739,0.364443175,0.435370086,,,
Nacogdoches,0.335915564,0.288187147,0.375897289,,,
Navarro,0.288082051,0.269860855,0.442057094,,,
Newton,0.639301779,0.098657639,0.262040583,,,
Nolan,0.20951931,0.209942847,0.580537843,,,
Nueces,0.331715912,0.427211007,0.241073081,,,
Ochiltree,0.12903426,0.12943759,0.741528151,,,
Oldham,0.222736042,0.269457701,0.507806256,,,
Orange,0.250352066,0.151833637,0.597814297,,,
Palo Pinto,0.29994264,0.262023493,0.438033867,,,
Panola,0.259236359,0.167440053,0.573323587,,,
Parker,0.396293814,0.259445841,0.344260345,,,
Parmer,0.245748655,0.183089595,0.571161751,,,
Pecos,0.188915636,0.200834449,0.610249916,,,
Polk,0.561794939,0.247590478,0.190614583,,,
Potter,0.133477201,0.312676753,0.553846046,,,
Presidio,0.454578519,0.309884543,0.235536938,,,
Rains,0.460567136,0.196831288,0.342601576,,,
Randall,0.258275651,0.220398007,0.521326342,,,
Reagan,0.082902364,0.06602791,0.851069726,,,
Real,0.281885103,0.233842072,0.484272825,,,
Red River,0.41686123,0.19643514,0.38670363,,,
Reeves,0.345878696,0.362992316,0.291128988,,,
Refugio,0.210300589,0.110954094,0.678745318,,,
Roberts,0.152939818,0.126593402,0.72046678,,,
Robertson,0.40128342,0.192889168,0.405827413,,,
Rockwall,0.425606693,0.338819418,0.235573889,,,
Runnels,0.276043927,0.21418545,0.509770623,,,
Rusk,0.337079495,0.17816975,0.484750755,,,
Sabine,0.295585664,0.135547842,0.568866494,,,
San Augustine,0.572452678,0.256988004,0.170559318,,,
San Jacinto,0.642710776,0.121369675,0.235919549,,,
San Patricio,0.167237653,0.095323137,0.73743921,,,
San Saba,0.296530572,0.231457701,0.472011727,,,
Schleicher,0.38730933,0.326430602,0.286260068,,,
Scurry,0.212959668,0.184084843,0.602955488,,,
Shackelford,0.076748647,0.058348772,0.864902582,,,
Shelby,0.379622888,0.185579568,0.434797544,,,
Sherman,0.269331721,0.192943411,0.537724868,,,
Smith,0.270010614,0.315994246,0.41399514,,,
Somervell,0.401860147,0.264560813,0.33357904,,,
Starr,0.539010739,0.317934327,0.143054935,,,
Stephens,0.090075723,0.083151298,0.826772979,,,
Sterling,0.110258774,0.0834162,0.806325025,,,
Stonewall,0.268123965,0.229745451,0.502130584,,,
Sutton,0.167839664,0.170960536,0.661199799,,,
Swisher,0.224761769,0.23237206,0.542866171,,,
Tarrant,0.331499517,0.461113947,0.207386536,,,
Taylor,0.240625775,0.363367447,0.396006778,,,
Terrell,0.424344136,0.413361813,0.162294051,,,
Terry,0.2364499,0.290436687,0.473113413,,,
Throckmorton,0.071554048,0.049676297,0.878769656,,,
Titus,0.260204544,0.239056755,0.500738701,,,
Tom Green,0.274119112,0.345606865,0.380274023,,,
Travis,0.294460204,0.514832017,0.190707779,,,
Trinity,0.572321584,0.288995354,0.138683062,,,
Tyler,0.463515089,0.23634457,0.300140341,,,
Upshur,0.529283486,0.228205247,0.242511267,,,
Upton,0.087856595,0.052607957,0.859535448,,,
Uvalde,0.374167359,0.322334859,0.303497783,,,
Val Verde,0.50183422,0.440472054,0.057693726,,,
Van Zandt,0.513364704,0.27024624,0.216389056,,,
Victoria,0.314676703,0.324772082,0.360551215,,,
Walker,0.506991606,0.345507298,0.147501096,,,
Waller,0.340097909,0.356592231,0.30330986,,,
Ward,0.142016475,0.140467404,0.717516121,,,
Washington,0.205036219,0.182893105,0.612070676,,,
Webb,0.387325635,0.517158386,0.095515979,,,
Wharton,0.365964648,0.342781445,0.291253907,,,
Wheeler,0.138373014,0.137487409,0.724139577,,,
Wichita,0.194065202,0.237486465,0.568448332,,,
Wilbarger,0.183556229,0.246296682,0.570147089,,,
Willacy,0.519607885,0.311500413,0.168891702,,,
Williamson,0.385760996,0.518100829,0.096138175,,,
Wilson,0.54524535,0.192108872,0.262645779,,,
Winkler,0.104956808,0.062105096,0.832938096,,,
Wise,0.364282553,0.223788755,0.411928692,,,
Wood,0.408367528,0.257908891,0.333723582,,,
Yoakum,0.176473515,0.213109443,0.610417042,,,
Young,0.098975685,0.089983231,0.811041083,,,
Zapata,0.264736986,0.110770483,0.624492531,,,
Zavala,0.383159642,0.282139193,0.334701165,,,
,,,,,,
,,,,,,
,,,,,,
,,,,,,
,,,,,,
,,,,,,
,,,,,,
,,,,,,
,,,,,,
,,,,,,
,,,,,,
,,,,,,
,,,,,,
,,,,,,
,,,,,,
,,,,,,
,,,,,,
,,,,,,
,,,,,,
,,,,,,
,,,,,,
,,,,,,
,,,,,,
,,,,,,
,,,,,,
,,,,,,
,,,,,,
,,,,,,
,,,,,,
,,,,,,
,,,,,,
,,,,,,
,,,,,,
,,,,,,
,,,,,,
,,,,,,
,,,,,,
,,,,,,
,,,,,,
,,,,,,
,,,,,,
,,,,,,
,,,,,,
,,,,,,
,,,,,,
,,,,,,
,,,,,,
,,,,,,
,,,,,,
,,,,,,
,,,,,,
,,,,,,
,,,,,,
,,,,,,
,,,,,,
,,,,,,
,,,,,,
,,,,,,
,,,,,,
,,,,,,
,,,,,,
,,,,,,
,,,,,,
,,,,,,
,,,,,,
,,,,,,
,,,,,,
,,,,,,
,,,,,,
,,,,,,
,,,,,,
,,,,,,
,,,,,,
,,,,,,
,,,,,,
,,,,,,
,,,,,,
,,,,,,
,,,,,,
,,,,,,
,,,,,,
,,,,,,
,,,,,,
,,,,,,
,,,,,,
,,,,,,
,,,,,,
,,,,,,
,,,,,,
,,,,,,
,,,,,,
,,,,,,
,,,,,,
,,,,,,
,,,,,,
,,,,,,
,,,,,,
,,,,,,
,,,,,,
,,,,,,
,,,,,,
,,,,,,
,,,,,,
,,,,,,
,,,,,,
,,,,,,
,,,,,,
,,,,,,
,,,,,,
,,,,,,
,,,,,,
,,,,,,
,,,,,,
,,,,,,
,,,,,,
,,,,,,
,,,,,,
,,,,,,
,,,,,,
,,,,,,
,,,,,,
,,,,,,
,,,,,,
,,,,,,
,,,,,,
,,,,,,
,,,,,,
,,,,,,
,,,,,,
,,,,,,
,,,,,,
,,,,,,
,,,,,,
,,,,,,
,,,,,,
,,,,,,
,,,,,,
,,,,,,
,,,,,,
,,,,,,
,,,,,,
,,,,,,
,,,,,,
,,,,,,
,,,,,,
,,,,,,
,,,,,,
,,,,,,
,,,,,,
,,,,,,
,,,,,,
,,,,,,
,,,,,,
,,,,,,
,,,,,,
,,,,,,
,,,,,,
,,,,,,
,,,,,,
,,,,,,
,,,,,,
,,,,,,
,,,,,,
,,,,,,
,,,,,,
,,,,,,
,,,,,,
,,,,,,
,,,,,,
,,,,,,
,,,,,,
,,,,,,
,,,,,,
,,,,,,
,,,,,,
,,,,,,
,,,,,,
,,,,,,
,,,,,,
,,,,,,
,,,,,,
,,,,,,
,,,,,,
,,,,,,
,,,,,,
,,,,,,
,,,,,,
,,,,,,
,,,,,,
,,,,,,
,,,,,,
,,,,,,
,,,,,,
,,,,,,
,,,,,,
,,,,,,
,,,,,,
,,,,,,
,,,,,,
,,,,,,
,,,,,,
,,,,,,
,,,,,,
,,,,,,
,,,,,,
,,,,,,
,,,,,,
,,,,,,
,,,,,,
,,,,,,
,,,,,,
,,,,,,
,,,,,,
,,,,,,
,,,,,,
,,,,,,
,,,,,,
,,,,,,
,,,,,,
,,,,,,
,,,,,,
,,,,,,
,,,,,,
,,,,,,
,,,,,,
,,,,,,
,,,,,,
,,,,,,
,,,,,,
,,,,,,
,,,,,,
,,,,,,
,,,,,,
,,,,,,
,,,,,,
,,,,,,
,,,,,,
,,,,,,
,,,,,,
,,,,,,
,,,,,,
,,,,,,
,,,,,,
,,,,,,
,,,,,,
,,,,,,
,,,,,,
,,,,,,
,,,,,,
,,,,,,
,,,,,,
,,,,,,
,,,,,,
,,,,,,
,,,,,,
,,,,,,
,,,,,,
,,,,,,
,,,,,,
,,,,,,
,,,,,,
,,,,,,
,,,,,,
,,,,,,
,,,,,,
,,,,,,
,,,,,,
,,,,,,
,,,,,,
,,,,,,
,,,,,,
,,,,,,
,,,,,,
,,,,,,
,,,,,,
,,,,,,
,,,,,,
,,,,,,
,,,,,,
,,,,,,
,,,,,,
,,,,,,
,,,,,,
,,,,,,
,,,,,,
,,,,,,
,,,,,,
,,,,,,
,,,,,,
,,,,,,
,,,,,,
,,,,,,
,,,,,,
,,,,,,
,,,,,,
,,,,,,
,,,,,,
,,,,,,
,,,,,,
,,,,,,
,,,,,,
,,,,,,
,,,,,,
,,,,,,
,,,,,,
,,,,,,
,,,,,,
,,,,,,
,,,,,,
,,,,,,
,,,,,,
,,,,,,
,,,,,,
,,,,,,
,,,,,,
,,,,,,
,,,,,,
,,,,,,
,,,,,,
,,,,,,
,,,,,,
,,,,,,
,,,,,,
,,,,,,
,,,,,,
,,,,,,
,,,,,,
,,,,,,
,,,,,,
,,,,,,
,,,,,,
,,,,,,
,,,,,,
,,,,,,
,,,,,,
,,,,,,
,,,,,,
,,,,,,
,,,,,,
,,,,,,
,,,,,,
,,,,,,
,,,,,,
,,,,,,
,,,,,,
,,,,,,
,,,,,,
,,,,,,
,,,,,,
,,,,,,
,,,,,,
,,,,,,
,,,,,,
,,,,,,
,,,,,,
,,,,,,
,,,,,,
,,,,,,
,,,,,,
,,,,,,
,,,,,,
,,,,,,
,,,,,,
,,,,,,
,,,,,,
,,,,,,
,,,,,,
,,,,,,
,,,,,,
,,,,,,
,,,,,,
,,,,,,
,,,,,,
,,,,,,
,,,,,,
,,,,,,
,,,,,,
,,,,,,
,,,,,,
,,,,,,
,,,,,,
,,,,,,
,,,,,,
,,,,,,
,,,,,,
,,,,,,
,,,,,,
,,,,,,
,,,,,,
,,,,,,
,,,,,,
,,,,,,
,,,,,,
,,,,,,
,,,,,,
,,,,,,
,,,,,,
,,,,,,
,,,,,,
,,,,,,
,,,,,,
,,,,,,
,,,,,,
,,,,,,
,,,,,,
,,,,,,
,,,,,,
,,,,,,
,,,,,,
,,,,,,
,,,,,,
,,,,,,
,,,,,,
,,,,,,
,,,,,,
,,,,,,
,,,,,,
,,,,,,
,,,,,,
,,,,,,
,,,,,,
,,,,,,
,,,,,,
,,,,,,
,,,,,,
,,,,,,
,,,,,,
,,,,,,
,,,,,,
,,,,,,
,,,,,,
,,,,,,
,,,,,,
,,,,,,
,,,,,,
,,,,,,
,,,,,,
,,,,,,
,,,,,,
,,,,,,
,,,,,,
,,,,,,
,,,,,,
,,,,,,
,,,,,,
,,,,,,
,,,,,,
,,,,,,
,,,,,,
,,,,,,
,,,,,,
,,,,,,
,,,,,,
,,,,,,
,,,,,,
,,,,,,
,,,,,,
,,,,,,
,,,,,,
,,,,,,
,,,,,,
,,,,,,
,,,,,,
,,,,,,
,,,,,,
,,,,,,
,,,,,,
,,,,,,
,,,,,,
,,,,,,
,,,,,,
,,,,,,
,,,,,,
,,,,,,
,,,,,,
,,,,,,
,,,,,,
,,,,,,
,,,,,,
,,,,,,
,,,,,,
,,,,,,
,,,,,,
,,,,,,
,,,,,,
,,,,,,
,,,,,,
,,,,,,
,,,,,,
,,,,,,
,,,,,,
,,,,,,
,,,,,,
,,,,,,
,,,,,,
,,,,,,
,,,,,,
,,,,,,
,,,,,,
,,,,,,
,,,,,,
,,,,,,
,,,,,,
,,,,,,
