Timestamp (EST),Baseline Res Electricity,BaseLine Res NG,ASHP Res Electricity,ASHP Res NG,Baseline Comm Electricity,Baseline Comm NG,SPHP RTU Comm Electricity,SPHP RTU Comm NG,Baseline Ins Electricity,TX BTM DGPV NCF
Mon 12:00 AM,0.5385,0.3476,0.4571,0.3622,0.419524583,0.346672865,0.418613036,0.41675037,0.961103006,0
Mon 01:00 AM,0.4908,0.4435,0.4863,0.3294,0.39902918,0.370725702,0.44288821,0.437617556,0.961103006,0
Mon 02:00 AM,0.5139,0.482,0.4971,0.3277,0.421158395,0.425647516,0.454567876,0.471652032,0.961103006,0
Mon 03:00 AM,0.5198,0.5351,0.5319,0.343,0.429345687,0.434481345,0.447049565,0.470240642,0.961103006,0
Mon 04:00 AM,0.5499,0.5828,0.5621,0.3847,0.421115564,0.443242655,0.448522194,0.46955161,0.961103006,0
Mon 05:00 AM,0.5783,0.6581,0.6244,0.504,0.421826639,0.472252413,0.465521103,0.493578483,0.961103006,0
Mon 06:00 AM,0.6398,0.7516,0.7171,0.7186,0.43765566,0.517091672,0.508668008,0.535130741,0.961103006,0.01
Mon 07:00 AM,0.7328,0.8354,0.8239,0.9247,0.479103859,0.585931313,0.597375319,0.599447197,0.961103006,0.1
Mon 08:00 AM,0.8406,0.8582,0.874,0.9605,0.56415227,0.761176496,0.731947771,0.7819522,0.975200954,0.2
Mon 09:00 AM,0.8904,0.796,0.842,0.8971,0.693360558,0.897620914,0.805866168,0.919412592,0.98536235,0.35
Mon 10:00 AM,0.867,0.698,0.7714,0.8191,0.768499893,0.912855245,0.879627258,0.940741292,0.993382191,0.45
Mon 11:00 AM,0.8059,0.6015,0.707,0.7472,0.84933488,0.847536944,0.933980592,0.891984372,0.99625867,0.5
Mon 12:00 PM,0.7493,0.5242,0.6607,0.7122,0.914191933,0.761021625,0.969590545,0.828581807,0.99773077,0.53
Mon 01:00 PM,0.7111,0.4655,0.6324,0.6909,0.957691033,0.691142447,0.993712025,0.781518381,0.999824274,0.5
Mon 02:00 PM,0.6874,0.3974,0.5961,0.6625,0.991959757,0.636734157,0.994023726,0.74243398,0.999484858,0.45
Mon 03:00 PM,0.6551,0.3596,0.5927,0.6647,0.999641792,0.59259637,0.976939624,0.709404026,0.994048887,0.35
Mon 04:00 PM,0.6562,0.3456,0.6153,0.7028,0.987545648,0.562003172,0.936936201,0.684065112,0.984663676,0.2
Mon 05:00 PM,0.6833,0.3552,0.6627,0.7659,0.950240257,0.53946427,0.869554307,0.662277556,0.974290482,0.08
Mon 06:00 PM,0.7346,0.3692,0.7202,0.7904,0.882335088,0.497976171,0.788140102,0.610923109,0.969223172,0.025
Mon 07:00 PM,0.7933,0.3794,0.7733,0.737,0.797332667,0.482783815,0.722512104,0.586750665,0.969223172,0
Mon 08:00 PM,0.8427,0.3795,0.8116,0.6496,0.725255297,0.471216099,0.695490519,0.561882441,0.961103006,0
Mon 09:00 PM,0.8768,0.3838,0.8144,0.5691,0.687055436,0.466197498,0.643310758,0.545020178,0.961103006,0
Mon 10:00 PM,0.8746,0.4015,0.735,0.5117,0.627348771,0.451636734,0.586156722,0.521508769,0.961103006,0
Mon 11:00 PM,0.7866,0.4322,0.6104,0.4498,0.566290932,0.442214512,0.548007241,0.504519172,0.961103006,0
Tue 12:00 AM,0.6515,0.4617,0.5279,0.386,0.523740063,0.440602115,0.521138285,0.498570865,0.961103006,0
Tue 01:00 AM,0.5617,0.4902,0.508,0.346,0.494222629,0.43790892,0.49251704,0.491006158,0.961103006,0
Tue 02:00 AM,0.5388,0.5263,0.5182,0.3341,0.465747316,0.440347358,0.451288665,0.483835563,0.961103006,0
Tue 03:00 AM,0.5455,0.589,0.5617,0.3528,0.426363503,0.447825016,0.442278992,0.481864957,0.961103006,0
Tue 04:00 AM,0.5837,0.6464,0.5995,0.4023,0.416753822,0.462709689,0.446209222,0.48821472,0.961103006,0
Tue 05:00 AM,0.6189,0.7278,0.6682,0.527,0.419715167,0.49309191,0.464762218,0.512180576,0.961103006,0
Tue 06:00 AM,0.6857,0.828,0.7686,0.7423,0.436762502,0.544711076,0.509101941,0.560034809,0.961103006,0.01
Tue 07:00 AM,0.7849,0.9142,0.8757,0.9485,0.479169215,0.624038552,0.598526305,0.634535258,0.961103006,0.1
Tue 08:00 AM,0.8934,0.9347,0.9215,0.9844,0.564813383,0.801667713,0.73192609,0.816428642,0.975200954,0.2
Tue 09:00 AM,0.9417,0.8793,0.895,0.9204,0.692212194,0.939338382,0.80532648,0.951911778,0.98536235,0.35
Tue 10:00 AM,0.9208,0.7977,0.8327,0.8459,0.766184227,0.954910887,0.877708624,0.97307568,0.993382191,0.45
Tue 11:00 AM,0.8651,0.7184,0.7761,0.7793,0.844643647,0.90104472,0.934534742,0.932411118,0.99625867,0.5
Tue 12:00 PM,0.8139,0.6582,0.7388,0.7493,0.911510897,0.838011092,0.973547093,0.887474231,0.99773077,0.53
Tue 01:00 PM,0.7804,0.6119,0.7128,0.7302,0.957578674,0.787872179,0.999140013,0.854124865,0.999824274,0.5
Tue 02:00 PM,0.7568,0.549,0.6715,0.7061,0.992657123,0.74389806,1,0.824667281,0.999484858,0.45
Tue 03:00 PM,0.7195,0.518,0.6679,0.7107,1,0.705617202,0.984997247,0.797432575,0.994048887,0.35
Tue 04:00 PM,0.7198,0.5102,0.6953,0.7485,0.989588993,0.682235437,0.949614406,0.779172026,0.984663676,0.2
Tue 05:00 PM,0.7514,0.52,0.7472,0.8132,0.956762839,0.664017332,0.88760841,0.76223527,0.974290482,0.08
Tue 06:00 PM,0.8073,0.5251,0.807,0.8358,0.894295609,0.619420881,0.806828501,0.710253003,0.969223172,0.025
Tue 07:00 PM,0.8691,0.5232,0.861,0.7763,0.810844979,0.593774016,0.742532708,0.678140187,0.969223172,0
Tue 08:00 PM,0.9197,0.5145,0.8979,0.6878,0.741172147,0.571932538,0.719143544,0.646770419,0.961103006,0
Tue 09:00 PM,0.9527,0.5129,0.8994,0.6063,0.707303025,0.556382121,0.668766293,0.62212127,0.961103006,0
Tue 10:00 PM,0.9493,0.525,0.8207,0.5452,0.65007605,0.532331866,0.611341761,0.592778274,0.961103006,0
Tue 11:00 PM,0.8618,0.552,0.697,0.4824,0.589040973,0.514536147,0.571545617,0.570323689,0.961103006,0
Wed 12:00 AM,0.7273,0.5777,0.6157,0.4168,0.544533744,0.507156482,0.544769427,0.559620305,0.961103006,0
Wed 01:00 AM,0.6379,0.5996,0.5965,0.3721,0.514759611,0.505357914,0.517616148,0.553172015,0.961103006,0
Wed 02:00 AM,0.6132,0.6285,0.6052,0.3588,0.487172846,0.508030187,0.47794315,0.544785982,0.961103006,0
Wed 03:00 AM,0.6183,0.6859,0.6502,0.3757,0.448281119,0.514897411,0.469941156,0.542084728,0.961103006,0
Wed 04:00 AM,0.656,0.7371,0.6868,0.4248,0.439121818,0.526578738,0.473954043,0.544750072,0.961103006,0
Wed 05:00 AM,0.6896,0.8129,0.754,0.548,0.441490436,0.559615021,0.493252205,0.571774631,0.961103006,0
Wed 06:00 AM,0.7551,0.9078,0.8543,0.7617,0.458285157,0.611242586,0.538671105,0.618827477,0.961103006,0.01
Wed 07:00 AM,0.853,0.9907,0.9632,0.9681,0.500863714,0.694280988,0.628402861,0.695009272,0.961103006,0.1
Wed 08:00 AM,0.9617,1,1,1,0.586504173,0.871622099,0.761693245,0.873550264,0.975200954,0.2
Wed 09:00 AM,1,0.9128,0.9317,0.9282,0.713162674,1,0.833555223,1,0.98536235,0.35
Wed 10:00 AM,0.9507,0.7922,0.8269,0.8438,0.785498498,0.986863772,0.892008287,0.997518092,0.993382191,0.45
Wed 11:00 AM,0.8634,0.6789,0.736,0.7725,0.85523407,0.896699795,0.930738637,0.932274808,0.99625867,0.5
Wed 12:00 PM,0.7826,0.5901,0.6749,0.7347,0.908456851,0.802007709,0.957366074,0.863535387,0.99773077,0.53
Wed 01:00 PM,0.7271,0.5244,0.636,0.71,0.944112393,0.72712664,0.97591867,0.811889957,0.999824274,0.5
Wed 02:00 PM,0.6903,0.4453,0.5899,0.6788,0.973064214,0.670693963,0.976002633,0.773466634,0.999484858,0.45
Wed 03:00 PM,0.6441,0.3958,0.5782,0.6781,0.979463974,0.621228002,0.959789651,0.736883884,0.994048887,0.35
Wed 04:00 PM,0.633,0.371,0.5968,0.7129,0.968243366,0.581536148,0.922817923,0.704309653,0.984663676,0.2
Wed 05:00 PM,0.6547,0.3719,0.6415,0.7714,0.933817377,0.549373518,0.858044825,0.674707141,0.974290482,0.08
Wed 06:00 PM,0.7041,0.3854,0.7021,0.7978,0.868598156,0.498805438,0.776203895,0.615887395,0.969223172,0.025
Wed 07:00 PM,0.7685,0.3978,0.7612,0.7464,0.784013558,0.480131269,0.709872756,0.58807214,0.969223172,0
Wed 08:00 PM,0.8251,0.4007,0.8072,0.6563,0.712434617,0.47059355,0.684688872,0.564338136,0.961103006,0
Wed 09:00 PM,0.8671,0.4059,0.815,0.5752,0.676857755,0.466627293,0.636385887,0.547202906,0.961103006,0
Wed 10:00 PM,0.8696,0.421,0.7403,0.5142,0.621056139,0.451306688,0.58122357,0.523667567,0.961103006,0
Wed 11:00 PM,0.7851,0.4492,0.6201,0.4501,0.56193678,0.438438223,0.544394272,0.504315809,0.961103006,0
Thu 12:00 AM,0.6529,0.474,0.539,0.3867,0.520301215,0.432149196,0.517496855,0.493573958,0.961103006,0
Thu 01:00 AM,0.5632,0.495,0.5185,0.3409,0.490488751,0.430053075,0.489772044,0.486704296,0.961103006,0
Thu 02:00 AM,0.5376,0.5224,0.5244,0.3274,0.462598862,0.430861956,0.448496009,0.477286743,0.961103006,0
Thu 03:00 AM,0.5396,0.5712,0.5621,0.3412,0.422814003,0.433511172,0.438285435,0.471053851,0.961103006,0
Thu 04:00 AM,0.5714,0.6155,0.5922,0.3886,0.412296492,0.441301525,0.440194743,0.470018978,0.961103006,0
Thu 05:00 AM,0.6001,0.6849,0.6517,0.511,0.413201442,0.468234736,0.457411373,0.49170859,0.961103006,0
Thu 06:00 AM,0.6594,0.7726,0.7431,0.7231,0.428859981,0.510825117,0.499413849,0.530592728,0.961103006,0.01
Thu 07:00 AM,0.7506,0.8497,0.8438,0.9282,0.468975556,0.588447533,0.58605284,0.605351535,0.961103006,0.1
Thu 08:00 AM,0.8535,0.8606,0.8821,0.9595,0.552195306,0.747202128,0.711138445,0.771925941,0.975200954,0.2
Thu 09:00 AM,0.8927,0.7744,0.8212,0.8871,0.672589013,0.867998863,0.778924532,0.897027214,0.98536235,0.35
Thu 10:00 AM,0.8471,0.6543,0.7209,0.8008,0.742139896,0.855266249,0.840991369,0.895861325,0.993382191,0.45
Thu 11:00 AM,0.7631,0.5487,0.6427,0.7296,0.81424422,0.768984441,0.890319015,0.831250241,0.99625867,0.5
Thu 12:00 PM,0.6919,0.474,0.5988,0.6963,0.875978891,0.684897101,0.93106134,0.770858405,0.99773077,0.53
Thu 01:00 PM,0.6501,0.4235,0.5748,0.6777,0.924369082,0.623743895,0.96166607,0.729784337,0.999824274,0.5
Thu 02:00 PM,0.6272,0.3628,0.5469,0.652,0.964136236,0.581522479,0.967772608,0.700845754,0.999484858,0.45
Thu 03:00 PM,0.6002,0.3337,0.5507,0.6577,0.976201093,0.550058467,0.956352963,0.677495301,0.994048887,0.35
Thu 04:00 PM,0.6081,0.3269,0.5823,0.6971,0.969498776,0.531131363,0.921601778,0.660783211,0.984663676,0.2
Thu 05:00 PM,0.6452,0.3421,0.6369,0.7604,0.937146796,0.515664388,0.860479417,0.643570824,0.974290482,0.08
Thu 06:00 PM,0.7057,0.3581,0.6979,0.7882,0.875049987,0.479065259,0.780138538,0.597699269,0.969223172,0.025
Thu 07:00 PM,0.7705,0.3623,0.7458,0.7309,0.791090547,0.460793281,0.711555774,0.571093739,0.969223172,0
Thu 08:00 PM,0.8162,0.3607,0.7795,0.6459,0.716389208,0.441689478,0.682442987,0.539832815,0.961103006,0
Thu 09:00 PM,0.8469,0.3594,0.7787,0.5635,0.676567758,0.425366879,0.627827007,0.511453256,0.961103006,0
Thu 10:00 PM,0.8418,0.3679,0.6937,0.499,0.614528843,0.40411131,0.568536054,0.481159086,0.961103006,0
Thu 11:00 PM,0.749,0.3905,0.5623,0.4342,0.551527415,0.387542752,0.528626638,0.457285801,0.961103006,0
Fri 12:00 AM,0.6084,0.4118,0.4733,0.3692,0.507625364,0.381258996,0.499680524,0.445296092,0.961103006,0
Fri 01:00 AM,0.5125,0.4284,0.4431,0.3229,0.476398486,0.376856915,0.469762861,0.435912397,0.961103006,0
Fri 02:00 AM,0.4794,0.4484,0.4407,0.3092,0.446889547,0.372763851,0.426303948,0.42188464,0.961103006,0
Fri 03:00 AM,0.475,0.4939,0.4689,0.3221,0.40579965,0.370982034,0.413502155,0.411079136,0.961103006,0
Fri 04:00 AM,0.5013,0.5332,0.4924,0.3686,0.393462224,0.374559741,0.412505278,0.407090338,0.961103006,0
Fri 05:00 AM,0.5245,0.597,0.5456,0.4877,0.392114827,0.395887409,0.427158238,0.424140333,0.961103006,0
Fri 06:00 AM,0.5789,0.6799,0.6287,0.6976,0.405972401,0.432969806,0.467132739,0.459115561,0.961103006,0.01
Fri 07:00 AM,0.6643,0.7528,0.722,0.9024,0.444601141,0.485350881,0.549051333,0.510315993,0.961103006,0.1
Fri 08:00 AM,0.7632,0.7657,0.7638,0.9353,0.523672141,0.646712312,0.672361895,0.686388686,0.975200954,0.2
Fri 09:00 AM,0.806,0.7046,0.7348,0.8707,0.643339804,0.772385658,0.744293178,0.818284353,0.98536235,0.35
Fri 10:00 AM,0.7839,0.6169,0.6739,0.7911,0.716936125,0.78560112,0.820924057,0.841225924,0.993382191,0.45
Fri 11:00 AM,0.7287,0.5253,0.6148,0.7215,0.800219875,0.725787395,0.884283259,0.8006426,0.99625867,0.5
Fri 12:00 PM,0.6722,0.4518,0.5742,0.6922,0.872747291,0.648637668,0.92973422,0.74708082,0.99773077,0.53
Fri 01:00 PM,0.6326,0.3975,0.551,0.6722,0.924544374,0.584952919,0.961976401,0.705799839,0.999824274,0.5
Fri 02:00 PM,0.6096,0.3272,0.521,0.6408,0.96583046,0.53857149,0.969490098,0.674122516,0.999484858,0.45
Fri 03:00 PM,0.5773,0.2895,0.5222,0.6436,0.978698316,0.500934643,0.958607141,0.644582187,0.994048887,0.35
Fri 04:00 PM,0.581,0.2751,0.5516,0.6799,0.972458341,0.476322665,0.923208098,0.621846221,0.984663676,0.2
Fri 05:00 PM,0.6147,0.2807,0.6039,0.7437,0.939571292,0.456609724,0.860346427,0.599592834,0.974290482,0.08
Fri 06:00 PM,0.6727,0.2914,0.6615,0.7693,0.876060473,0.419394716,0.781606148,0.550756018,0.969223172,0.025
Fri 07:00 PM,0.7345,0.2945,0.7093,0.7129,0.79362691,0.400843828,0.711919035,0.523413528,0.969223172,0
Fri 08:00 PM,0.7808,0.2873,0.7399,0.6235,0.717482919,0.38280865,0.680501684,0.492264817,0.961103006,0
Fri 09:00 PM,0.8083,0.2814,0.7348,0.537,0.67555854,0.365606271,0.623306085,0.462051403,0.961103006,0
Fri 10:00 PM,0.7988,0.2861,0.6472,0.4747,0.610929467,0.342782053,0.560285986,0.428248727,0.961103006,0
Fri 11:00 PM,0.7028,0.3002,0.5094,0.4067,0.543835505,0.323998723,0.517720079,0.40113497,0.961103006,0
Sat 12:00 AM,0.5546,0.3134,0.4167,0.3387,0.497407267,0.314203448,0.486076142,0.385620196,0.961103006,0
Sat 01:00 AM,0.4541,0.324,0.3855,0.2918,0.463242781,0.309508897,0.4509124,0.376268947,0.961103006,0
Sat 02:00 AM,0.4193,0.3397,0.3809,0.2752,0.428867192,0.31564698,0.398478389,0.377571337,0.961103006,0
Sat 03:00 AM,0.4122,0.3787,0.4024,0.2854,0.380151921,0.31251662,0.388262254,0.365533632,0.961103006,0
Sat 04:00 AM,0.4326,0.411,0.4177,0.3113,0.370311886,0.313791377,0.38619341,0.358981198,0.961103006,0
Sat 05:00 AM,0.4473,0.4557,0.4476,0.3575,0.368025667,0.339683644,0.396385755,0.384834079,0.961103006,0
Sat 06:00 AM,0.4773,0.5116,0.495,0.452,0.377697334,0.389759542,0.421033037,0.436670845,0.961103006,0.01
Sat 07:00 AM,0.5256,0.5779,0.5704,0.6119,0.40152774,0.409610316,0.452066671,0.450552187,0.961103006,0.1
Sat 08:00 AM,0.6036,0.6248,0.6532,0.787,0.432108274,0.498220865,0.497932445,0.552441098,0.975200954,0.2
Sat 09:00 AM,0.6892,0.6039,0.6981,0.8959,0.477816729,0.563636908,0.496455221,0.625228243,0.98536235,0.35
Sat 10:00 AM,0.7426,0.5432,0.6925,0.8922,0.481579211,0.586330481,0.536315185,0.653845678,0.993382191,0.45
Sat 11:00 AM,0.7451,0.4701,0.6602,0.8259,0.528052051,0.579931473,0.594241002,0.654362051,0.99625867,0.5
Sat 12:00 PM,0.7158,0.4116,0.6329,0.78,0.591038204,0.556390387,0.641175308,0.647121976,0.99773077,0.53
Sat 01:00 PM,0.6904,0.3699,0.6239,0.7559,0.644421187,0.528180179,0.680562518,0.635928634,0.999824274,0.5
Sat 02:00 PM,0.6836,0.3155,0.6125,0.7357,0.690993436,0.499353001,0.701135252,0.614853106,0.999484858,0.45
Sat 03:00 PM,0.6736,0.2822,0.6274,0.7243,0.717110772,0.467598056,0.714025929,0.58919065,0.994048887,0.35
Sat 04:00 PM,0.694,0.2645,0.6567,0.7271,0.733039626,0.44626304,0.717258859,0.570099537,0.984663676,0.2
Sat 05:00 PM,0.7291,0.2635,0.6918,0.7513,0.737166549,0.431509649,0.700425867,0.554416288,0.974290482,0.08
Sat 06:00 PM,0.7687,0.2666,0.7235,0.7507,0.719154368,0.422936771,0.66622535,0.544031985,0.969223172,0.025
Sat 07:00 PM,0.8027,0.2667,0.7531,0.6869,0.682559774,0.417916824,0.625494367,0.536070633,0.969223172,0
Sat 08:00 PM,0.8303,0.2588,0.7795,0.5994,0.636033469,0.404402809,0.617405935,0.512820189,0.961103006,0
Sat 09:00 PM,0.8531,0.2539,0.7712,0.5177,0.616939273,0.380258184,0.577956119,0.473601942,0.961103006,0
Sat 10:00 PM,0.8402,0.2586,0.6776,0.4573,0.570438363,0.366011935,0.535764424,0.450790873,0.961103006,0
Sat 11:00 PM,0.737,0.2744,0.5339,0.4012,0.520482133,0.352580074,0.498954644,0.434147841,0.961103006,0
Sun 12:00 AM,0.5814,0.2876,0.41,0.3262,0.479895195,0.34500755,0.471072631,0.421458303,0.961103006,0
Sun 01:00 AM,0.4443,0.299,0.3731,0.2786,0.450081672,0.313696445,0.411608795,0.377906089,0.961103006,0
Sun 02:00 AM,0.4036,0.3155,0.3659,0.2644,0.392076544,0.308220439,0.362410802,0.363568466,0.961103006,0
Sun 03:00 AM,0.3948,0.3519,0.3853,0.2715,0.346188003,0.306078424,0.35410867,0.35353033,0.961103006,0
Sun 04:00 AM,0.413,0.3817,0.3975,0.2901,0.338233202,0.309720152,0.354562623,0.350144299,0.961103006,0
Sun 05:00 AM,0.4242,0.4239,0.4247,0.3346,0.338330348,0.339726483,0.365654266,0.380957103,0.961103006,0
Sun 06:00 AM,0.4512,0.4778,0.4713,0.4216,0.3487062,0.397567537,0.390174144,0.444719422,0.961103006,0.01
Sun 07:00 AM,0.4972,0.5409,0.5421,0.5708,0.371897599,0.433902339,0.42021498,0.478874096,0.961103006,0.1
Sun 08:00 AM,0.57,0.591,0.6225,0.7344,0.400388223,0.468633932,0.45481682,0.51239303,0.975200954,0.2
Sun 09:00 AM,0.6534,0.5818,0.6695,0.8375,0.434097241,0.490344958,0.43835459,0.531211204,0.98536235,0.35
Sun 10:00 AM,0.7071,0.5326,0.6632,0.8381,0.421621744,0.544616021,0.464686283,0.600302848,0.993382191,0.45
Sun 11:00 AM,0.706,0.4678,0.6319,0.7765,0.451756882,0.549685316,0.503656187,0.611048038,0.99625867,0.5
Sun 12:00 PM,0.6777,0.4122,0.6004,0.7321,0.494958823,0.53099786,0.536848707,0.606045808,0.99773077,0.53
Sun 01:00 PM,0.6502,0.3696,0.5855,0.7089,0.533391653,0.505166226,0.559226221,0.597212629,0.999824274,0.5
Sun 02:00 PM,0.6371,0.3175,0.5683,0.6883,0.561224257,0.474491851,0.572766456,0.574730146,0.999484858,0.45
Sun 03:00 PM,0.6203,0.2859,0.575,0.6775,0.579747624,0.44244825,0.582433531,0.548988719,0.994048887,0.35
Sun 04:00 PM,0.6301,0.2682,0.5961,0.678,0.592715353,0.421926606,0.58337031,0.532006475,0.984663676,0.2
Sun 05:00 PM,0.6559,0.2656,0.6246,0.7003,0.59444537,0.406646601,0.569537152,0.516877505,0.974290482,0.08
Sun 06:00 PM,0.6888,0.2645,0.6525,0.6969,0.578562452,0.398221795,0.545099976,0.508107202,0.969223172,0.025
Sun 07:00 PM,0.7187,0.263,0.6847,0.6388,0.550336568,0.393977367,0.516516528,0.500961511,0.969223172,0
Sun 08:00 PM,0.7491,0.2577,0.7155,0.5599,0.516073289,0.384685214,0.520188322,0.482425978,0.961103006,0
Sun 09:00 PM,0.7771,0.2545,0.7108,0.4853,0.51234367,0.368670642,0.491839744,0.452866715,0.961103006,0
Sun 10:00 PM,0.7678,0.2616,0.6267,0.4307,0.478913273,0.358381326,0.46207036,0.436182871,0.961103006,0
Sun 11:00 PM,0.6754,0.2787,0.4997,0.3782,0.445349431,0.351292722,0.438014648,0.4257723,0.961103006,0
